keys,en,fr,es
COMMON_BACK,Back,Retour,Volver
MENU_PLAY,Play,Jouer,Jugar
MENU_HUB,Hub,Hub,Hub
MENU_BESTIARY,Bestiary,Bestiaire,Bestiario
MENU_ARSENAL,Arsenal,Arsenal,Arsenal
MENU_CHIMERA,Chimera,Chimère,Quimera
MENU_OPTIONS,Options,Options,Opciones
MENU_QUIT,Quit,Quitter,Salir
MENU_LANGUAGE,Language,Langue,Idioma
HUB_TITLE,HUB — Permanent Upgrades,HUB — Améliorations Permanentes,HUB — Mejoras Permanentes
HUB_ECHOES,Echoes available: {0},Échos disponibles : {0},Ecos disponibles: {0}
HUB_BUY,Buy,Acheter,Comprar
HUB_MAX,MAX,MAX,MAX
HUB_COST,Cost: {0},Coût : {0},Coste: {0}
HUB_LEVEL,Lv {0}/{1},Niv {0}/{1},Niv {0}/{1}
HUB_RESET,Reset upgrades,Réinitialiser les améliorations,Reiniciar mejoras
HUB_RESET_CONFIRM,Confirm? (Echoes refunded),Confirmer ? (Échos remboursés),¿Confirmar? (Ecos reembolsados)
CHARSEL_TITLE,CHOOSE YOUR CHARACTER,CHOISIR LE PERSONNAGE,ELIGE TU PERSONAJE
CHARSEL_CHOOSE,Choose,Choisir,Elegir
CHARSEL_STATS,HP {0}  ·  Speed {1}  ·  Weapon: {2},PV {0}  ·  Vitesse {1}  ·  Arme : {2},PV {0}  ·  Velocidad {1}  ·  Arma: {2}
LEVELSEL_TITLE,CHOOSE THE LEVEL,CHOISIR LE NIVEAU,ELIGE EL NIVEL
LEVELSEL_PLAY_HERE,Play here,Jouer ici,Jugar aquí
LEVELSEL_RANDOM,Random,Aléatoire,Aleatorio
LEVELSEL_DEFEATED,DEFEATED,VAINCU,DERROTADO
LEVELUP_TITLE,Level {0}!,Niveau {0} !,¡Nivel {0}!
LEVELUP_MINIBOSS,Mini-boss loot!,Butin de mini-boss !,¡Botín de mini-jefe!
LEVELUP_HINT,Click to choose,Clic pour choisir,Clic para elegir
LEVELUP_REROLL,Reroll ({0}),Renouveler ({0}),Recargar ({0})
LEVELUP_SKIP,Skip ({0}),Passer ({0}),Saltar ({0})
RARITY_COMMON,Common,Commun,Común
RARITY_RARE,Rare,Rare,Raro
RARITY_EPIC,Epic,Épique,Épico
RUNEND_VICTORY,EXTRACTION SUCCESSFUL,EXTRACTION REUSSIE,EXTRACCIÓN EXITOSA
RUNEND_DEATH,KILLED IN ACTION,MORT EN SERVICE,CAÍDO EN COMBATE
RUNEND_TIME,Time survived,Temps survécu,Tiempo sobrevivido
RUNEND_KILLS,Enemies eliminated,Ennemis éliminés,Enemigos eliminados
RUNEND_CORES,Cores collected,Noyaux récupérés,Núcleos recogidos
RUNEND_OVERTIME_BONUS,Overload bonus,Bonus de Surcharge,Bonus de sobrecarga
RUNEND_BONUS,Run bonus,Bonus de run,Bonus de partida
RUNEND_TOTAL,TOTAL: {0} Echoes,TOTAL : {0} Échos,TOTAL: {0} Ecos
RUNEND_HUB,Back to Hub,Retour au Hub,Volver al Hub
RUNEND_REPLAY,Replay,Rejouer,Reintentar
PAUSE_TITLE,PAUSE,PAUSE,PAUSA
PAUSE_MISSION,MISSION,MISSION,MISIÓN
PAUSE_PLAYER,PLAYER,JOUEUR,JUGADOR
PAUSE_WEAPONS,WEAPONS,ARMES,ARMAS
PAUSE_PASSIVES,PASSIVES,PASSIFS,PASIVOS
PAUSE_GRAFTS,GRAFTS,GREFFES,INJERTOS
PAUSE_RESUME,RESUME  [Esc],REPRENDRE  [Échap],REANUDAR  [Esc]
PAUSE_QUIT,QUIT GAME,QUITTER LA PARTIE,SALIR DE LA PARTIDA
PAUSE_TIME_SURVIVED,Time survived,Temps survécu,Tiempo sobrevivido
PAUSE_TIME_LEFT,Time left,Temps restant,Tiempo restante
PAUSE_LEVEL,Level,Niveau,Nivel
PAUSE_XP,XP,XP,XP
PAUSE_KILLS,Enemies killed,Ennemis tués,Enemigos abatidos
PAUSE_CORES,Aether Cores,Noyaux Aether,Núcleos de Aether
PAUSE_HP,Health,Points de vie,Salud
PAUSE_SPEED,Speed,Vitesse,Velocidad
PAUSE_DMG_MULT,Damage mult.,Mult. dégâts,Mult. daño
PAUSE_DMG_REDUC,Damage taken reduc.,Réduc. dégâts reçus,Reduc. daño recibido
PAUSE_CD_REDUC,Cooldown reduc.,Réduc. cooldown,Reduc. enfriamiento
PAUSE_NONE,— none —,— aucune —,— ninguna —
PAUSE_UNAVAILABLE,unavailable,indisponible,no disponible
OPTIONS_TITLE,OPTIONS,OPTIONS,OPCIONES
OPTIONS_MASTER,Master volume,Volume général,Volumen general
OPTIONS_MUSIC,Music,Musique,Música
OPTIONS_SFX,SFX,Effets sonores,Efectos
OPTIONS_FULLSCREEN,Fullscreen,Plein écran,Pantalla completa
OPTIONS_SHAKE,Screen shake,Secousses écran,Vibración de pantalla
OPTIONS_DIFFICULTY,Difficulty,Difficulté,Dificultad
OPTIONS_LANGUAGE,Language,Langue,Idioma
OPTIONS_CONTROLS,Controls,Contrôles,Controles
OPTIONS_MOVE_UP,Move up,Haut,Arriba
OPTIONS_MOVE_DOWN,Move down,Bas,Abajo
OPTIONS_MOVE_LEFT,Move left,Gauche,Izquierda
OPTIONS_MOVE_RIGHT,Move right,Droite,Derecha
OPTIONS_DASH,Dash (dodge),Ruade (esquive),Impulso (esquiva)
OPTIONS_CONTROLS_PRESS,Press a key…,Appuyez sur une touche…,Pulsa una tecla…
OPTIONS_CONTROLS_RESET,Reset keys (ZQSD),Touches par défaut (ZQSD),Teclas por defecto (ZQSD)
DIFF_EASY,Easy,Facile,Fácil
DIFF_NORMAL,Normal,Normal,Normal
DIFF_HARD,Hard,Difficile,Difícil
INTRO_SKIP,Press any key to skip,Appuyez sur une touche pour passer,Pulsa cualquier tecla para saltar
CHAR_CHIMERA_NAME,Chimera,Chimera,Chimera
CHAR_CHIMERA_TAG,Cyborg — balanced,Cyborg — équilibré,Cyborg — equilibrado
CHAR_CHIMERA_DESC,"The versatile prototype. Balanced stats and the reliable Impulse Cannon. The best starting point to learn the loop.","Le prototype polyvalent. Stats équilibrées et le fiable Canon à Impulsions. Le bon point de départ pour apprendre la boucle.","El prototipo versátil. Estadísticas equilibradas y el fiable Cañón de Impulsos. El mejor punto de partida para aprender el bucle."
CHAR_TITAN_NAME,Titan-Guardian,Titan-Gardien,Titán-Guardián
CHAR_TITAN_TAG,Heavy robot — tank,Robot lourd — tank,Robot pesado — tanque
CHAR_TITAN_DESC,"Armored combat chassis: far more HP but slower. Starts with the Drone Swarm to soak hits and grind at melee. For playing with brute force.","Châssis de combat blindé : beaucoup plus de PV mais plus lent. Démarre avec l'Essaim de Drones pour encaisser et broyer au contact. Pour jouer en force.","Chasis de combate blindado: mucha más vida pero más lento. Empieza con el Enjambre de Drones para aguantar y triturar al contacto. Para jugar a lo bruto."
CHAR_VAGABOND_NAME,Vagabond,Vagabond,Vagabundo
CHAR_VAGABOND_TAG,Human — mobility,Humain — mobilité,Humano — movilidad
CHAR_VAGABOND_DESC,"Survivor of flesh and blood: little HP but very fast. Starts with the Plasma Blade to strike and break away. Rewards aggressive kiting and dodging.","Survivant de chair et d'os : peu de PV mais très rapide. Démarre avec la Lame Plasma pour frapper et se dégager. Récompense le kite agressif et l'esquive.","Superviviente de carne y hueso: poca vida pero muy rápido. Empieza con la Hoja de Plasma para golpear y escapar. Recompensa el kiteo agresivo y la esquiva."
CHAR_VECTEUR_NAME,Vector,Vecteur,Vector
CHAR_VECTEUR_TAG,Cyborg — precision,Cyborg — précision,Cyborg — precisión
CHAR_VECTEUR_DESC,"A precision cyborg wired for the Vector Lance: aim it yourself toward the cursor or right stick to pierce whole rows of foes. Fragile but lethal — rewards steady aim over auto-fire.","Cyborg de précision câblé pour la Lance Vectorielle : visez-la vous-même vers le curseur ou le stick droit pour transpercer des rangées entières d'ennemis. Fragile mais létal — récompense la visée maîtrisée plutôt que le tir auto.","Cyborg de precisión cableado para la Lanza Vectorial: apúntala tú mismo hacia el cursor o el stick derecho para atravesar filas enteras de enemigos. Frágil pero letal: recompensa la puntería sobre el disparo automático."
BIOME_SANCTUAIRE_NAME,Rusted Sanctuary,Sanctuaire Rouillé,Santuario Oxidado
BIOME_SANCTUAIRE_EFFECT,Neutral terrain,Terrain neutre,Terreno neutral
BIOME_SANCTUAIRE_DESC,"The original arena, steel-blue. No bonus or penalty — the right place to learn the loop.","L'arène d'origine, bleu-acier. Aucun bonus ni malus — le bon endroit pour apprendre la boucle.","La arena original, azul acero. Sin bonus ni penalización: el lugar ideal para aprender el bucle."
BIOME_AETHER_NAME,Aether Wastes,Friche d'Aether,Páramo de Aether
BIOME_AETHER_EFFECT,+20% XP,+20% d'XP,+20% de XP
BIOME_AETHER_DESC,"Ruins saturated with corrupted Aether. XP gained is increased by 20%: faster power spike.","Ruines saturées d'Aether corrompu. L'XP gagnée est augmentée de 20% : montée en puissance accélérée.","Ruinas saturadas de Aether corrupto. La XP ganada aumenta un 20%: subida de poder acelerada."
BIOME_FOURNAISE_NAME,Furnace,Fournaise,Horno
BIOME_FOURNAISE_EFFECT,Enemies +18% faster,Ennemis +18% rapides,Enemigos +18% rápidos
BIOME_FOURNAISE_DESC,"Infernal heat that overexcites the Rust. Enemies move 18% faster — for the daring.","Chaleur infernale qui surexcite la Rouille. Les ennemis se déplacent 18% plus vite — pour les téméraires.","Calor infernal que sobreexcita la Herrumbre. Los enemigos se mueven un 18% más rápido: para los temerarios."
BIOME_GIVRE_NAME,Cryogenic Frost,Givre Cryogénique,Escarcha Criogénica
BIOME_GIVRE_EFFECT,Enemies -18% slower,Ennemis -18% lents,Enemigos -18% lentos
BIOME_GIVRE_DESC,"The frost numbs everything. Enemies are 18% slower: room to breathe, kite and aim.","Le gel engourdit tout. Les ennemis sont 18% plus lents : du répit pour respirer, kiter et viser.","La escarcha lo entumece todo. Los enemigos son un 18% más lentos: un respiro para moverte, kitear y apuntar."
TAG_PASSIVE,Passive,Passif,Pasivo
TAG_ACTIVE,Active weapon,Arme active,Arma activa
TAG_FUSION,FUSION (epic),FUSION (épique),FUSIÓN (épica)
MISC_XP_BONUS_NAME,Aether Echo,Écho d'Aether,Eco de Aether
CARD_XP_BONUS,+50 XP,+50 XP,+50 XP
CARD_LEVEL," (Lv. {0})"," (Niv. {0})"," (Niv. {0})"
ENEMY_RUST_SWARM_NAME,Rust Swarm,Essaim de Rouille,Enjambre de Herrumbre
ENEMY_RUST_SWARM_TAG,Fodder — from 0:00,Fourrage — dès 0:00,Carne de cañón — desde 0:00
ENEMY_RUST_SWARM_DESC,"Mechanical husk eaten away by the Living Rust. Charges in a straight line, no cunning. Weak alone, deadly in numbers: it is the tide of the Sanctuary.","Carcasse mécanique rongée par la Rouille Vivante. Fonce en ligne droite, sans ruse. Faible isolément, mortelle en nombre : c'est la marée du Sanctuaire.","Carcasa mecánica corroída por la Herrumbre Viviente. Embiste en línea recta, sin astucia. Débil en solitario, mortal en grupo: es la marea del Santuario."
ENEMY_CORRUPTED_DRONE_NAME,Corrupted Drone,Drone Corrompu,Dron Corrupto
ENEMY_CORRUPTED_DRONE_TAG,Harasser — from 2:00,Harceleur — dès 2:00,Acosador — desde 2:00
ENEMY_CORRUPTED_DRONE_DESC,"A scout drone gone mad. Erratic path (±45°), very fast and fragile. Hard to hit, negligible if ignored… until there are ten of them.","Drone d'observation devenu fou. Trajectoire erratique (±45°), très rapide et fragile. Difficile à toucher, négligeable si on l'ignore… jusqu'à ce qu'ils soient dix.","Dron de observación enloquecido. Trayectoria errática (±45°), muy rápido y frágil. Difícil de acertar, insignificante si lo ignoras… hasta que son diez."
ENEMY_CORRUPTED_SENTINEL_NAME,Corrupted Sentinel,Sentinelle Corrompue,Centinela Corrupto
ENEMY_CORRUPTED_SENTINEL_TAG,Shooter — from 5:00,Tireur — dès 5:00,Tirador — desde 5:00
ENEMY_CORRUPTED_SENTINEL_DESC,"A walking turret that keeps its distance and shoots you down. Backs off if you approach. Forces you to keep moving and manage projectiles.","Tourelle ambulante qui maintient ses distances et te canarde. Recule si tu approches. Force à bouger en permanence et à gérer les projectiles.","Torreta ambulante que mantiene la distancia y te dispara. Retrocede si te acercas. Te obliga a moverte sin parar y a gestionar los proyectiles."
ENEMY_AETHER_REVENANT_NAME,Aether Revenant,Revenant d'Aether,Resucitado de Aether
ENEMY_AETHER_REVENANT_TAG,MINI-BOSS — midpoint 7:00,MINI-BOSS — mi-temps 7:00,MINI-JEFE — mitad 7:00
ENEMY_AETHER_REVENANT_DESC,"A cyborg specter reanimated by an unstable Aether Core. Chases you fast and lunges at you in blazing dashes. On death, drops a weapon reward.","Spectre cyborg réanimé par un Noyau d'Aether instable. Te pourchasse vite et fond sur toi par ruades fulgurantes. À sa mort, libère un butin d'arme.","Espectro cíborg reanimado por un Núcleo de Aether inestable. Te persigue veloz y se abalanza con embestidas fulgurantes. Al morir, suelta un botín de arma."
ENEMY_GRAFTED_COLOSSUS_NAME,Grafted Colossus,Colosse Greffé,Coloso Injertado
ENEMY_GRAFTED_COLOSSUS_TAG,Bruiser — from 9:00,Bruiser — dès 9:00,Tanque — desde 9:00
ENEMY_GRAFTED_COLOSSUS_DESC,"A titan of steel and grafted flesh. Slow but appallingly tough and devastating on contact. On death, releases a pure Aether Core.","Titan d'acier et de chair greffée. Lent mais effroyablement résistant et dévastateur au contact. À sa mort, relâche un Noyau d'Aether pur.","Titán de acero y carne injertada. Lento pero pavorosamente resistente y devastador al contacto. Al morir, libera un Núcleo de Aether puro."
ENEMY_RUST_STALKER_NAME,Rust Stalker,Rôdeur de Rouille,Acechador de Herrumbre
ENEMY_RUST_STALKER_TAG,MINI-BOSS — from 12:00,MINI-BOSS — dès 12:00,MINI-JEFE — desde 12:00
ENEMY_RUST_STALKER_DESC,"A corroded mechanical spider, armored and tenacious. Needs a real offensive build to fall. Reward: gold XP orb and a weapon choice.","Araignée mécanique corrodée, blindée et tenace. Nécessite un vrai build offensif pour tomber. Récompense : orbe d'XP or et choix d'arme.","Araña mecánica corroída, blindada y tenaz. Requiere un build ofensivo de verdad para caer. Recompensa: orbe de XP dorado y elección de arma."
ENEMY_RUSTED_CORE_NAME,The Rusted Core,Le Noyau Rouillé,El Núcleo Oxidado
ENEMY_RUSTED_CORE_TAG,FINAL BOSS — from 13:00,BOSS DE FIN — dès 13:00,JEFE FINAL — desde 13:00
ENEMY_RUSTED_CORE_DESC,"The corrupted heart of the Sanctuary. A guardian colossus with a molten core: radial volleys, shockwaves, huge HP. Defeating it releases 500 XP, 3 Aether Cores and a weapon choice in a final explosion.","Le cœur corrompu du Sanctuaire. Colosse-gardien au noyau en fusion : salves radiales, ondes de choc, beaucoup de PV. Le vaincre relâche 500 d'XP, 3 Noyaux d'Aether et un choix d'arme dans une explosion finale.","El corazón corrupto del Santuario. Coloso guardián con núcleo en fusión: andanadas radiales, ondas de choque, mucha vida. Vencerlo libera 500 de XP, 3 Núcleos de Aether y una elección de arma en una explosión final."
ENEMY_MASTER_SENTINEL_NAME,Master Sentinel,Sentinelle Maîtresse,Centinela Maestra
ENEMY_MASTER_SENTINEL_TAG,MINI-BOSS — from 16:00,MINI-BOSS — dès 16:00,MINI-JEFE — desde 16:00
ENEMY_MASTER_SENTINEL_DESC,"An elite version of the Sentinel. Fires in a spread and kites relentlessly. Reward: big XP orb and a weapon choice.","Version d'élite de la Sentinelle. Tire en éventail et kite sans répit. Récompense : gros orbe d'XP et choix d'arme.","Versión de élite del Centinela. Dispara en abanico y kitea sin descanso. Recompensa: gran orbe de XP y elección de arma."
ENEMY_SANCTUARY_MARKED_WALKER_NAME,Marked Walker,Marcheur Marqué,Caminante Marcado
ENEMY_SANCTUARY_MARKED_WALKER_TAG,Fodder — from 1:00,Fourrage — dès 1:00,Carne de cañón — desde 1:00
ENEMY_SANCTUARY_MARKED_WALKER_DESC,"A rusted sentry automaton marked by the Living Rust, charging straight at you without hesitation. Slightly tougher than the Rust Swarm, same relentless tide.","Automate de garde rouillé marqué par la Rouille Vivante, qui fonce droit sur toi sans hésiter. Un peu plus résistant que l'Essaim de Rouille, même marée implacable.","Autómata de guardia oxidado marcado por la Herrumbre Viviente, que embiste directo hacia ti sin dudar. Algo más resistente que el Enjambre de Herrumbre, la misma marea implacable."
ENEMY_SANCTUARY_SCOUT_DRONE_NAME,Scout Drone,Drone Éclaireur,Dron Explorador
ENEMY_SANCTUARY_SCOUT_DRONE_TAG,Harasser — from 3:00,Harceleur — dès 3:00,Acosador — desde 3:00
ENEMY_SANCTUARY_SCOUT_DRONE_DESC,"A corrupted reconnaissance drone that weaves erratically toward you. Fast and fragile — nearly a twin of the Corrupted Drone.","Ancien drone de reconnaissance corrompu qui zigzague de façon erratique vers toi. Rapide et fragile — quasi jumeau du Drone Corrompu.","Antiguo dron de reconocimiento corrupto que zigzaguea de forma errática hacia ti. Rápido y frágil, casi gemelo del Dron Corrupto."
ENEMY_SANCTUARY_WALKER_TURRET_NAME,Walking Turret,Tourelle Ambulante,Torreta Ambulante
ENEMY_SANCTUARY_WALKER_TURRET_TAG,Shooter — from 6:00,Tireur — dès 6:00,Tirador — desde 6:00
ENEMY_SANCTUARY_WALKER_TURRET_DESC,"A mobile turret chassis that keeps its distance and fires steadily. Slower to shoot than the Corrupted Sentinel, but tougher.","Tourelle sur châssis mobile qui garde ses distances et tire régulièrement. Plus lente à tirer que la Sentinelle Corrompue, mais plus résistante.","Torreta sobre chasis móvil que mantiene la distancia y dispara con regularidad. Más lenta al disparar que el Centinela Corrupto, pero más resistente."
ENEMY_SANCTUARY_MAINTENANCE_GOLEM_NAME,Maintenance Golem,Golem de Maintenance,Gólem de Mantenimiento
ENEMY_SANCTUARY_MAINTENANCE_GOLEM_TAG,Bruiser — from 10:00,Bruiser — dès 10:00,Tanque — desde 10:00
ENEMY_SANCTUARY_MAINTENANCE_GOLEM_DESC,"A heavy maintenance automaton repurposed for war. Advances relentlessly and strikes at close range — a slightly softer cousin of the Grafted Colossus.","Automate lourd de maintenance détourné de sa fonction. Avance inexorablement et frappe au contact — un cousin un peu moins coriace du Colosse Greffé.","Autómata pesado de mantenimiento desviado de su función original. Avanza sin descanso y golpea al contacto — un primo algo menos duro del Coloso Injertado."
ENEMY_AETHER_SHARD_NAME,Aether Shard,Éclat d'Aether,Fragmento de Aether
ENEMY_AETHER_SHARD_TAG,Fodder — from 1:00,Fourrage — dès 1:00,Carne de cañón — desde 1:00
ENEMY_AETHER_SHARD_DESC,"A condensed fragment of raw Aether energy, charging in a straight line. Faster and frailer than the Rust Swarm — pure volatile energy.","Fragment d'énergie Aether condensée, fonçant en ligne droite. Plus rapide et plus fragile que l'Essaim de Rouille — énergie pure et volatile.","Fragmento de energía Aether condensada que embiste en línea recta. Más rápido y frágil que el Enjambre de Herrumbre: energía pura y volátil."
ENEMY_AETHER_DRIFTING_WRAITH_NAME,Drifting Wraith,Spectre Dérivant,Espectro a la Deriva
ENEMY_AETHER_DRIFTING_WRAITH_TAG,Harasser — from 3:00,Harceleur — dès 3:00,Acosador — desde 3:00
ENEMY_AETHER_DRIFTING_WRAITH_DESC,"A spectral silhouette that drifts toward you with wide, frequent swerves — the most erratic motion in the game.","Silhouette spectrale qui dérive vers toi avec des embardées larges et fréquentes — le mouvement le plus erratique du jeu.","Silueta espectral que se desplaza hacia ti con giros amplios y frecuentes: el movimiento más errático del juego."
ENEMY_AETHER_SPECTRAL_WATCHER_NAME,Spectral Watcher,Vigile Spectral,Vigía Espectral
ENEMY_AETHER_SPECTRAL_WATCHER_TAG,Shooter — from 6:00,Tireur — dès 6:00,Tirador — desde 6:00
ENEMY_AETHER_SPECTRAL_WATCHER_DESC,"A disembodied sentinel that keeps its distance and fires bolts of raw energy. Hits harder but is frailer than the Corrupted Sentinel.","Sentinelle désincarnée qui garde ses distances et tire des décharges d'énergie brute. Frappe plus fort mais est plus fragile que la Sentinelle Corrompue.","Centinela desencarnado que mantiene la distancia y dispara descargas de energía cruda. Golpea más fuerte pero es más frágil que el Centinela Corrupto."
ENEMY_AETHER_GOLEM_NAME,Aether Golem,Golem d'Aether,Gólem de Aether
ENEMY_AETHER_GOLEM_TAG,Bruiser — from 10:00,Bruiser — dès 10:00,Tanque — desde 10:00
ENEMY_AETHER_GOLEM_DESC,"A golem of crystallized Aether energy, a notch above the Grafted Colossus in HP and damage — raw concentrated power.","Golem d'énergie Aether cristallisée, un cran au-dessus du Colosse Greffé en PV et en dégâts — puissance brute concentrée.","Gólem de energía Aether cristalizada, un escalón por encima del Coloso Injertado en PV y daño: poder bruto concentrado."
ENEMY_CINDER_CRAWLER_NAME,Cinder Crawler,Rampant de Braise,Rastreador de Ascuas
ENEMY_CINDER_CRAWLER_TAG,Fodder — from 1:00,Fourrage — dès 1:00,Carne de cañón — desde 1:00
ENEMY_CINDER_CRAWLER_DESC,"A creature of living embers, charging without deviation. More aggressive than the Rust Swarm — the Furnace's warlike nature.","Créature de braise vivante, fonçant sans dévier. Plus agressive que l'Essaim de Rouille — le tempérament belliqueux de la Fournaise.","Criatura de brasas vivas que embiste sin desviarse. Más agresiva que el Enjambre de Herrumbre: el carácter belicoso de la Fragua."
ENEMY_VOLATILE_SPARK_NAME,Volatile Spark,Étincelle Volatile,Chispa Volátil
ENEMY_VOLATILE_SPARK_TAG,Harasser — from 3:00,Harceleur — dès 3:00,Acosador — desde 3:00
ENEMY_VOLATILE_SPARK_DESC,"An unstable incandescent fragment, extremely fast and the most damaging harasser in the game — at the cost of extreme fragility.","Fragment incandescent instable, extrêmement rapide et le harceleur le plus mordant du jeu — au prix d'une extrême fragilité.","Fragmento incandescente inestable, extremadamente rápido y el acosador más dañino del juego, a costa de una fragilidad extrema."
ENEMY_LAVA_SPITTER_NAME,Lava Spitter,Cracheur de Lave,Escupidor de Lava
ENEMY_LAVA_SPITTER_TAG,Shooter — from 6:00,Tireur — dès 6:00,Tirador — desde 6:00
ENEMY_LAVA_SPITTER_DESC,"Spits molten lava at close-to-mid range, faster and harder-hitting than the Corrupted Sentinel — the Furnace's offensive pressure.","Crache de la lave en fusion à courte-moyenne distance, plus rapide et plus mordant que la Sentinelle Corrompue — la pression offensive de la Fournaise.","Escupe lava fundida a corta-media distancia, más rápido y contundente que el Centinela Corrupto: la presión ofensiva de la Fragua."
ENEMY_MAGMA_COLOSSUS_NAME,Magma Colossus,Colosse de Magma,Coloso de Magma
ENEMY_MAGMA_COLOSSUS_TAG,Bruiser — from 10:00,Bruiser — dès 10:00,Tanque — desde 10:00
ENEMY_MAGMA_COLOSSUS_DESC,"The most offensive of the bruisers: highest damage and the shortest strike cooldown — everything hits harder in the Furnace.","Le plus offensif des bruisers : dégâts et cadence de frappe les plus élevés — tout frappe plus fort dans la Fournaise.","El más ofensivo de los tanques: mayor daño y el golpe más rápido; en la Fragua todo golpea más fuerte."
ENEMY_FROST_CRAWLER_NAME,Frost Crawler,Rampant de Givre,Rastreador de Escarcha
ENEMY_FROST_CRAWLER_TAG,Fodder — from 1:00,Fourrage — dès 1:00,Carne de cañón — desde 1:00
ENEMY_FROST_CRAWLER_DESC,"A frozen creature that crawls in a straight line, the slowest and toughest of the fodder variants — the resilience of the Frost.","Créature gelée qui rampe en ligne droite, la plus lente et la plus résistante des variantes fourrage — la résilience du Givre.","Criatura congelada que se arrastra en línea recta, la más lenta y resistente de las variantes carne de cañón: la resiliencia de la Escarcha."
ENEMY_WANDERING_ICE_SHARD_NAME,Wandering Ice Shard,Éclat de Glace Errant,Fragmento de Hielo Errante
ENEMY_WANDERING_ICE_SHARD_TAG,Harasser — from 3:00,Harceleur — dès 3:00,Acosador — desde 3:00
ENEMY_WANDERING_ICE_SHARD_DESC,"A wandering ice fragment with wider, slower swerves — the most predictable harasser in the game, and a little tougher for it.","Fragment de glace errant aux embardées plus larges et plus espacées — le harceleur le plus prévisible du jeu, un peu plus résistant en conséquence.","Fragmento de hielo errante con giros más amplios y espaciados: el acosador más predecible del juego, algo más resistente en consecuencia."
ENEMY_CRYO_MARKSMAN_NAME,Cryo Marksman,Tireur Cryogénique,Tirador Criogénico
ENEMY_CRYO_MARKSMAN_TAG,Shooter — from 6:00,Tireur — dès 6:00,Tirador — desde 6:00
ENEMY_CRYO_MARKSMAN_DESC,"Fires slow but long-lived ice shards that force you to stay mobile — the tankiest of the ranged shooters.","Tire des éclats de glace lents mais très persistants qui forcent à rester mobile — le plus résistant des tireurs à distance.","Dispara fragmentos de hielo lentos pero muy persistentes que obligan a mantenerse en movimiento: el más resistente de los tiradores a distancia."
ENEMY_ICE_TITAN_NAME,Ice Titan,Titan de Glace,Titán de Hielo
ENEMY_ICE_TITAN_TAG,Bruiser — from 10:00,Bruiser — dès 10:00,Tanque — desde 10:00
ENEMY_ICE_TITAN_DESC,"The toughest of the bruisers: highest HP, lowest speed, slowest strike — the resilience of the Frost taken to its extreme.","Le plus résistant des bruisers : PV les plus hauts, vitesse la plus basse, frappe la plus lente — la résilience du Givre poussée à l'extrême.","El más resistente de los tanques: más PV, menor velocidad, golpe más lento: la resiliencia de la Escarcha llevada al extremo."
ENEMY_NEON_SECURITY_DRONE_NAME,Security Drone,Drone de Sécurité,Dron de Seguridad
ENEMY_NEON_SECURITY_DRONE_TAG,Fodder — from 1:00,Fourrage — dès 1:00,Carne de cañón — desde 1:00
ENEMY_NEON_SECURITY_DRONE_DESC,"A synthetic security drone charging in a straight line. Slightly frailer and faster than the norm — the risk/reward of the Neon sector.","Drone de sécurité synthétique fonçant en ligne droite. Légèrement plus fragile et rapide que la norme — le risque/récompense du secteur Néon.","Dron de seguridad sintético que embiste en línea recta. Algo más frágil y rápido de lo normal: el riesgo/recompensa del sector Neón."
ENEMY_HOLOGRAPHIC_GLITCH_NAME,Holographic Glitch,Glitch Holographique,Fallo Holográfico
ENEMY_HOLOGRAPHIC_GLITCH_TAG,Harasser — from 3:00,Harceleur — dès 3:00,Acosador — desde 3:00
ENEMY_HOLOGRAPHIC_GLITCH_DESC,"A corrupted holographic projection that seems to 'jump' between trajectories — the fastest, frailest harasser in the game.","Projection hologrammique corrompue qui semble « sauter » d'une trajectoire à l'autre — le harceleur le plus rapide et le plus fragile du jeu.","Proyección holográfica corrupta que parece 'saltar' entre trayectorias: el acosador más rápido y frágil del juego."
ENEMY_NEON_LASER_TURRET_NAME,Laser Turret,Tourelle Laser,Torreta Láser
ENEMY_NEON_LASER_TURRET_TAG,Shooter — from 6:00,Tireur — dès 6:00,Tirador — desde 6:00
ENEMY_NEON_LASER_TURRET_DESC,"A precision turret firing the fastest, most damaging projectile in the game on a short cooldown — a glass cannon shooter.","Tourelle de précision qui tire le projectile le plus rapide et le plus mordant du jeu à cadence courte — un tireur mordant mais très fragile.","Torreta de precisión que dispara el proyectil más rápido y dañino del juego con poca cadencia: un tirador contundente pero muy frágil."
ENEMY_SYNTHETIC_GOLEM_NAME,Synthetic Golem,Golem Synthétique,Gólem Sintético
ENEMY_SYNTHETIC_GOLEM_TAG,Bruiser — from 10:00,Bruiser — dès 10:00,Tanque — desde 10:00
ENEMY_SYNTHETIC_GOLEM_DESC,"A heavy synthetic construct, faster but less tanky than the standard Grafted Colossus, with a sharper damage scaling — the Neon sector's modern bruiser.","Construct synthétique lourd, plus rapide mais moins tanky que le Colosse Greffé standard, avec un scaling de dégâts plus agressif — le bruiser « moderne » du secteur Néon.","Construcción sintética pesada, más rápida pero menos resistente que el Coloso Injertado estándar, con un escalado de daño más agresivo: el tanque 'moderno' del sector Neón."
WPN_IMPULSE_CANNON_NAME,Impulse Cannon,Canon à Impulsions,Cañón de Impulsos
WPN_IMPULSE_CANNON_DESC,"Auto-fires at the nearest enemy. Pierces from level 3, then double projectile. The reliable, versatile starting weapon.","Tir automatique sur l'ennemi le plus proche. Perfore dès le niveau 3, puis double projectile. L'arme de départ fiable et polyvalente.","Dispara automáticamente al enemigo más cercano. Perfora desde el nivel 3, luego doble proyectil. El arma inicial fiable y versátil."
WPN_PLASMA_BLADE_NAME,Plasma Blade,Lame Plasma,Hoja de Plasma
WPN_PLASMA_BLADE_DESC,"A slashing melee arc in a cone in front of the player. Angle and range widen each level. Excellent against swarms up close.","Arc de mêlée tranchant dans un cône devant le joueur. L'angle et la portée s'élargissent à chaque niveau. Excellente contre les nuées au corps-à-corps.","Arco de cuerpo a cuerpo cortante en un cono frente al jugador. El ángulo y el alcance crecen con cada nivel. Excelente contra enjambres de cerca."
WPN_DRONE_SWARM_NAME,Drone Swarm,Essaim de Drones,Enjambre de Drones
WPN_DRONE_SWARM_DESC,"Orbiting drones that deal continuous contact damage. Up to 4 spinning drones. Permanent passive protection around you.","Drones en orbite qui infligent des dégâts de contact en continu. Jusqu'à 4 drones tournoyants. Protection passive permanente autour de toi.","Drones en órbita que infligen daño de contacto continuo. Hasta 4 drones girando. Protección pasiva permanente a tu alrededor."
WPN_OVERLOAD_FIELD_NAME,Overload Field,Champ de Surcharge,Campo de Sobrecarga
WPN_OVERLOAD_FIELD_DESC,"An area pulse centered on the player: damage + knockback. The radius grows with level. Creates space when you are overwhelmed.","Pulse de zone centré sur le joueur : dégâts + repoussée (knockback). Le rayon grandit avec le niveau. Crée de l'espace quand tu es submergé.","Pulso de área centrado en el jugador: daño + empuje. El radio crece con el nivel. Crea espacio cuando te ves desbordado."
WPN_TESLA_COIL_NAME,Tesla Coil,Bobine Tesla,Bobina Tesla
WPN_TESLA_COIL_DESC,"A chain lightning that bounces from enemy to enemy (up to 7 jumps). Dazzling cyan lightning. Ravages dense groups in a flash.","Éclair en chaîne qui rebondit d'ennemi en ennemi (jusqu'à 7 sauts). Foudre cyan éblouissante. Ravage les groupes denses en un éclair.","Rayo en cadena que rebota de enemigo en enemigo (hasta 7 saltos). Relámpago cian deslumbrante. Arrasa los grupos densos en un instante."
WPN_SCATTER_VOLLEY_NAME,Scatter Volley,Volée Multiple,Andanada Múltiple
WPN_SCATTER_VOLLEY_DESC,"Multi-target fire: sends several projectiles at the nearest enemies, one per target. 2 projectiles at level 1, +1 each level (up to 6). Ideal against scattered groups.","Tir multi-cible : envoie plusieurs projectiles vers les ennemis les plus proches, un par cible. 2 projectiles au niveau 1, +1 à chaque niveau (jusqu'à 6). Idéale contre les groupes éparpillés.","Disparo multiobjetivo: lanza varios proyectiles a los enemigos más cercanos, uno por objetivo. 2 proyectiles en nivel 1, +1 por nivel (hasta 6). Ideal contra grupos dispersos."
WPN_FUSION_BLADE_NAME,Fusion Blade,Lame à Fusion,Hoja de Fusión
WPN_FUSION_BLADE_DESC,"Evolution of the Plasma Blade + Thermal Core: the arc becomes a ring of Aether flames active continuously around the player. No more cooldown.","Évolution de la Lame Plasma + Noyau Thermique : l'arc devient un anneau de flammes d'Aether actif en continu autour du joueur. Plus aucun cooldown.","Evolución de la Hoja de Plasma + Núcleo Térmico: el arco se vuelve un anillo de llamas de Aether activo de forma continua alrededor del jugador. Sin enfriamiento."
WPN_RAIL_OVERCHARGED_NAME,Overcharged Rail,Rail Surchargé,Raíl Sobrecargado
WPN_RAIL_OVERCHARGED_DESC,"Evolution of the Cannon + Capacitor: an automatic burst of 3 piercing projectiles that pass through the whole line of enemies.","Évolution du Canon + Capaciteur : rafale automatique de 3 projectiles perforants qui traversent toute la ligne d'ennemis.","Evolución del Cañón + Capacitor: ráfaga automática de 3 proyectiles perforantes que atraviesan toda la línea de enemigos."
WPN_ORBITAL_SWARM_NAME,Orbital Swarm,Essaim Orbital,Enjambre Orbital
WPN_ORBITAL_SWARM_DESC,"Evolution of the Drone Swarm + Servo-Motors: 6 ultra-fast drones in a wide orbit. An offensive shield that grinds everything on contact.","Évolution de l'Essaim de Drones + Servo-Moteurs : 6 drones ultra-rapides en orbite large. Un bouclier offensif qui broie tout au contact.","Evolución del Enjambre de Drones + Servomotores: 6 drones ultrarrápidos en órbita amplia. Un escudo ofensivo que tritura todo al contacto."
WPN_OVERLOAD_AEGIS_NAME,Overload Aegis,Égide de Surcharge,Égida de Sobrecarga
WPN_OVERLOAD_AEGIS_DESC,"Evolution of the Overload Field + Reinforced Plating: a massive pulse with brutal knockback that heals your HP with each wave. The mobile fortress.","Évolution du Champ de Surcharge + Plaque Renforcée : pulse massif à knockback brutal qui régénère tes PV à chaque onde. La forteresse mobile.","Evolución del Campo de Sobrecarga + Placa Reforzada: pulso masivo con empuje brutal que regenera tu vida con cada onda. La fortaleza móvil."
PAS_THERMAL_CORE_NAME,Thermal Core,Noyau Thermique,Núcleo Térmico
PAS_THERMAL_CORE_DESC,"Increases the damage of all active weapons. Prerequisite of the Fusion Blade fusion.","Augmente les dégâts de toutes les armes actives. Prérequis de la fusion Lame à Fusion.","Aumenta el daño de todas las armas activas. Requisito de la fusión Hoja de Fusión."
PAS_REINFORCED_PLATING_NAME,Reinforced Plating,Plaque Renforcée,Placa Reforzada
PAS_REINFORCED_PLATING_DESC,"Increases max HP and reduces damage taken (up to -40%). The pillar of a defensive build.","Augmente les PV max et réduit les dégâts reçus (jusqu'à -40%). Le pilier d'un build défensif.","Aumenta la vida máxima y reduce el daño recibido (hasta -40%). El pilar de un build defensivo."
PAS_SERVO_MOTORS_NAME,Servo-Motors,Servo-Moteurs,Servomotores
PAS_SERVO_MOTORS_DESC,"Increases movement speed (cap 380). More mobility to kite the swarms.","Augmente la vitesse de déplacement (plafond 380). Plus de mobilité pour kiter les nuées.","Aumenta la velocidad de movimiento (tope 380). Más movilidad para kitear los enjambres."
PAS_CAPACITOR_NAME,Capacitor,Capaciteur,Capacitor
PAS_CAPACITOR_DESC,"Reduces the cooldown of all active weapons. Prerequisite of the Overcharged Rail fusion.","Réduit le cooldown de toutes les armes actives. Prérequis de la fusion Rail Surchargé.","Reduce el enfriamiento de todas las armas activas. Requisito de la fusión Raíl Sobrecargado."
UPGRADE_HP_BOOST_NAME,Reinforced Body,Corps Renforcé,Cuerpo Reforzado
UPGRADE_HP_BOOST_DESC,+20 max HP per level. You start with more survival margin.,+20 HP maximum par niveau. Vous partez avec plus de marge de survie.,+20 de vida máxima por nivel. Empiezas con más margen de supervivencia.
UPGRADE_DAMAGE_BOOST_NAME,Offensive Calibration,Calibration Offensive,Calibración Ofensiva
UPGRADE_DAMAGE_BOOST_DESC,+10% damage per level (applies to all weapons).,+10% de dégâts par niveau (s'applique à toutes les armes).,+10% de daño por nivel (se aplica a todas las armas).
UPGRADE_SPEED_BOOST_NAME,Improved Servos,Servos Améliorés,Servos Mejorados
UPGRADE_SPEED_BOOST_DESC,+15 px/s to starting speed per level.,+15 px/s à la vitesse de départ par niveau.,+15 px/s a la velocidad inicial por nivel.
UPGRADE_COOLDOWN_REDUCTION_NAME,Aether Sync,Synchronisation Aether,Sincronización de Aether
UPGRADE_COOLDOWN_REDUCTION_DESC,-5% cooldown on all weapons per level from the start of the run.,-5% de cooldown sur toutes les armes par niveau dès le début de run.,-5% de enfriamiento en todas las armas por nivel desde el inicio de la partida.
UPGRADE_DAMAGE_REDUCTION_NAME,Composite Armor,Blindage Composite,Blindaje Compuesto
UPGRADE_DAMAGE_REDUCTION_DESC,"-5% damage taken per level (stacks with Reinforced Plating, global cap 40%).","-5% de dégâts reçus par niveau (cumulable avec la Plaque Renforcée, hardcap global 40%).","-5% de daño recibido por nivel (acumulable con la Placa Reforzada, tope global 40%)."
UPGRADE_REROLL_NAME,Tactical Recalibration,Recalibrage Tactique,Recalibración Táctica
UPGRADE_REROLL_DESC,Rerolls the cards offered at level-up. +1 use per run and per level (max 3).,Renouvelle les cartes proposées à la montée de niveau. +1 utilisation par run et par niveau (max 3).,Recarga las cartas ofrecidas al subir de nivel. +1 uso por partida y por nivel (máx. 3).
UPGRADE_SKIP_NAME,Selection Dodge,Esquive de Sélection,Esquiva de Selección
UPGRADE_SKIP_DESC,Lets you skip a card selection (you keep the level). +1 use per run and per level (max 3).,Permet de passer une sélection de cartes (vous gardez le niveau). +1 utilisation par run et par niveau (max 3).,Permite saltar una selección de cartas (conservas el nivel). +1 uso por partida y por nivel (máx. 3).
UPGRADE_HP_BOOST_2_NAME,Armored Plating,Plaque Blindée,Blindaje Reforzado
UPGRADE_HP_BOOST_2_DESC,"+35 additional max HP per level (2 levels). Extension of Reinforced Body for tank builds.","+35 HP maximum supplémentaires par niveau (2 niveaux). Extension du Corps Renforcé pour les builds tank.","+35 de vida máxima adicional por nivel (2 niveles). Extensión del Cuerpo Reforzado para builds de tanque."
UPGRADE_DAMAGE_BOOST_2_NAME,Advanced Calibration,Calibration Avancée,Calibración Avanzada
UPGRADE_DAMAGE_BOOST_2_DESC,"+8% additional damage per level (3 levels). Extension of Offensive Calibration for long runs.","+8% dégâts supplémentaires par niveau (3 niveaux). Extension de la Calibration Offensive pour les runs longues.","+8% de daño adicional por nivel (3 niveles). Extensión de la Calibración Ofensiva para partidas largas."
UPGRADE_COOLDOWN_REDUCTION_2_NAME,Aether Sync II,Synchronisation Aether II,Sincronización de Aether II
UPGRADE_COOLDOWN_REDUCTION_2_DESC,"-4% additional cooldown per level (2 levels). Extension of Aether Sync.","-4% de cooldown supplémentaire par niveau (2 niveaux). Extension de la Synchronisation Aether.","-4% de enfriamiento adicional por nivel (2 niveles). Extensión de la Sincronización de Aether."
UPGRADE_DAMAGE_REDUCTION_2_NAME,Composite Armor II,Blindage Composite II,Blindaje Compuesto II
UPGRADE_DAMAGE_REDUCTION_2_DESC,"-4% additional damage taken per level (2 levels). Approaches the global 40% hardcap if stacked with the in-run Reinforced Plating.","-4% de dégâts reçus supplémentaire par niveau (2 niveaux). Approche le hardcap global de 40% si cumulé avec la Plaque Renforcée in-run.","-4% de daño recibido adicional por nivel (2 niveles). Se acerca al tope global del 40% si se acumula con la Placa Reforzada de la partida."
UPGRADE_EXTRA_LIFE_NAME,Emergency Core,Noyau de Secours,Núcleo de Emergencia
UPGRADE_EXTRA_LIFE_DESC,"An emergency core brings you back to 30% HP instead of dying. +1 charge per level, recharged every run (2 levels max).","Un noyau d'urgence vous ramène à 30% HP au lieu de mourir. +1 charge par niveau, rechargée à chaque run (2 niveaux max).","Un núcleo de emergencia te devuelve al 30% de vida en lugar de morir. +1 carga por nivel, recargada en cada partida (máx. 2 niveles)."
UPGRADE_DAMAGE_ABSORB_NAME,Adaptive Plating,Plaque Adaptative,Placa Adaptativa
UPGRADE_DAMAGE_ABSORB_DESC,"The first hits taken during the run are fully absorbed (0 damage). +1 charge per level, recharged every run (3 levels max).","Les premiers coups reçus dans la run sont totalement absorbés (0 dégât). +1 charge par niveau, rechargée à chaque run (3 niveaux max).","Los primeros golpes recibidos en la partida se absorben por completo (0 de daño). +1 carga por nivel, recargada en cada partida (máx. 3 niveles)."
UPGRADE_HP_REGEN_NAME,Self-Repair,Auto-Réparation,Autorreparación
UPGRADE_HP_REGEN_DESC,"Continuously regenerates HP during the run. +0.4 HP/s per level (3 levels, max 1.2 HP/s).","Régénère des HP en continu pendant la run. +0.4 HP/s par niveau (3 niveaux, max 1.2 HP/s).","Regenera vida de forma continua durante la partida. +0.4 de vida/s por nivel (3 niveles, máx. 1.2 de vida/s)."
UPGRADE_CORE_MAGNETISM_NAME,Core Resonance,Résonance de Noyau,Resonancia de Núcleo
UPGRADE_CORE_MAGNETISM_DESC,"Increases the pickup radius of Aether Cores. +15/+15/+20 px per level (base 20 px → 70 px max).","Augmente le rayon de ramassage des Noyaux d'Aether. +15/+15/+20 px par niveau (base 20 px → 70 px max).","Aumenta el radio de recogida de los Núcleos de Aether. +15/+15/+20 px por nivel (base 20 px → 70 px máx.)."
UPGRADE_OVERTIME_STABILIZER_NAME,Overload Stabilizer,Stabilisateur de Surcharge,Estabilizador de Sobrecarga
UPGRADE_OVERTIME_STABILIZER_DESC,"Reduces the aggressiveness of the Overtime escalation (spawn and enemy scaling). -5% per level (3 levels, max -15%).","Réduit l'agressivité de l'escalade en Overtime (spawn et scaling ennemis). -5% par niveau (3 niveaux, max -15%).","Reduce la agresividad de la escalada en Sobretiempo (aparición y escalado de enemigos). -5% por nivel (3 niveles, máx. -15%)."
UPGRADE_BONUS_MAGNET_NAME,Auxiliary Magnet,Aimant Auxiliaire,Imán Auxiliar
UPGRADE_BONUS_MAGNET_DESC,"+1 Magnet spawn per run and per level (2 levels, base 3 → up to 5 per run).","+1 apparition de l'Aimant par run et par niveau (2 niveaux, base 3 → jusqu'à 5 par run).","+1 aparición del Imán por partida y por nivel (2 niveles, base 3 → hasta 5 por partida)."
INTRO_BEAT_1,"Two centuries ago, the world's networks were linked to the Aether —\nthe magical energy buried in the depths.","Il y a deux siècles, on a relié les réseaux du monde à l'Aether —\nl'énergie magique enfouie dans les profondeurs.","Hace dos siglos, se conectaron las redes del mundo al Aether —\nla energía mágica enterrada en las profundidades."
INTRO_BEAT_2,"The Convergence was neither war nor explosion, but a fusion.\nMachines ceased to be tools.","La Convergence ne fut ni guerre ni explosion, mais une fusion.\nLes machines cessèrent d'être des outils.","La Convergencia no fue guerra ni explosión, sino una fusión.\nLas máquinas dejaron de ser herramientas."
INTRO_BEAT_3,"From that corruption was born the Living Rust.\nIt does not destroy: it integrates. It transforms.","De cette corruption naquit la Rouille Vivante.\nElle ne détruit pas : elle intègre. Elle transforme.","De esa corrupción nació la Herrumbre Viviente.\nNo destruye: integra. Transforma."
INTRO_BEAT_4,"The Sanctuaries, ruins saturated with Aether,\nkeep the Cores — the last hope of the enclaves.","Les Sanctuaires, ruines saturées d'Aether,\ngardent les Noyaux — le dernier espoir des enclaves.","Los Santuarios, ruinas saturadas de Aether,\nguardan los Núcleos — la última esperanza de los enclaves."
INTRO_BEAT_5,"Someone must descend there.\nIt will be you.","Quelqu'un doit y descendre.\nCe sera toi.","Alguien debe descender allí.\nSerás tú."
INTRO_BEAT_6,"You will not just kill what hunts you.\nYou will tear a piece of it free — and let it become part of you.","Tu ne te contenteras pas de tuer ce qui te traque.\nTu lui arracheras un fragment — et le laisseras devenir toi.","No te limitarás a matar lo que te acecha.\nLe arrancarás un fragmento — y dejarás que se vuelva parte de ti."
BIOME_NEON_NAME,Neon Sector,Secteur Néon,Sector Neón
BIOME_NEON_EFFECT,"Overclock: enemies +10% faster, +15% XP","Overclock : ennemis +10% rapides, +15% XP","Overclock: enemigos +10% rápidos, +15% XP"
BIOME_NEON_DESC,"An overclocked data sector bathed in neon. Enemies are 10% faster, but XP is boosted by 15%: risk versus reward.","Un secteur de données overclocké, nappé de néons. Les ennemis vont 10% plus vite, mais l'XP est augmentée de 15% : risque contre récompense.","Un sector de datos overclockeado, bañado en neón. Los enemigos son un 10% más rápidos, pero la XP aumenta un 15%: riesgo contra recompensa."
WPN_GLAIVE_NAME,Boomerang Blade,Lame Boomerang,Hoja Bumerán
WPN_GLAIVE_DESC,"Throws glaives that fly out to the nearest enemies then return — hitting each target on the way out AND back. 1 glaive at level 1, more at higher levels. Great for clearing lines.","Lance des glaives qui filent vers les ennemis proches puis reviennent — touchant chaque cible à l'aller ET au retour. 1 glaive au niveau 1, davantage aux niveaux supérieurs. Idéale pour balayer une ligne.","Lanza guadañas que vuelan hacia los enemigos cercanos y regresan, golpeando a cada objetivo a la ida Y a la vuelta. 1 guadaña en nivel 1, más en niveles superiores. Ideal para barrer una línea."
WPN_SEEKER_SWARM_NAME,Seeker Swarm,Essaim Traqueur,Enjambre Rastreador
WPN_SEEKER_SWARM_DESC,"Launches homing missiles that curve toward nearby enemies and re-target if their prey dies. 2 missiles at level 1, +1 per level (up to 5). Reliable damage even while kiting.","Lance des missiles à tête chercheuse qui s'incurvent vers les ennemis proches et re-ciblent si leur proie meurt. 2 missiles au niveau 1, +1 par niveau (jusqu'à 5). Des dégâts fiables même en kitant.","Lanza misiles teledirigidos que se curvan hacia los enemigos cercanos y vuelven a fijar objetivo si su presa muere. 2 misiles en nivel 1, +1 por nivel (hasta 5). Daño fiable incluso mientras kiteas."
WPN_CRYO_LANCE_NAME,Cryo Lance,Lance Cryo,Lanza Cryo
WPN_CRYO_LANCE_DESC,"A piercing icy beam that strikes every enemy in a line and slows them (up to -40%). Low burst, strong crowd control — great in the Frost biome.","Un rayon glacé perçant qui frappe tous les ennemis en ligne et les ralentit (jusqu'à -40%). Peu de burst, fort contrôle — excellent dans le Givre.","Un rayo helado perforante que golpea a todos los enemigos en línea y los ralentiza (hasta -40%). Poco daño directo, gran control — ideal en la Escarcha."
WPN_PYRE_STREAM_NAME,Pyre Stream,Jet de Pyre,Chorro de Pira
WPN_PYRE_STREAM_DESC,A short-range cone of flames: little direct damage but sets enemies on fire (damage over time). Burns build up while you keep them in the cone.,Un cône de flammes courte portée : peu de dégâts directs mais enflamme les ennemis (dégâts dans le temps). La brûlure s'entretient tant qu'ils restent dans le cône.,Un cono de llamas de corto alcance: poco daño directo pero incendia a los enemigos (daño con el tiempo). La quemadura se mantiene mientras sigan en el cono.
WPN_VECTOR_LANCE_NAME,Vector Lance,Lance Vectorielle,Lanza Vectorial
WPN_VECTOR_LANCE_DESC,"An aimed weapon: fires a piercing bolt where YOU aim (mouse, or right stick on a gamepad), not at the nearest enemy. A reticle shows the direction. Rewards aiming — a skill weapon amid the auto-aim. High levels add a tight spread of extra bolts.","Une arme dirigée : tire un trait perforant là où TU VISES (souris, ou stick droit à la manette), pas vers l'ennemi le plus proche. Un réticule indique la direction. Récompense la visée — une arme de skill au milieu de l'auto-visée. Les hauts niveaux ajoutent des traits en éventail serré.","Un arma dirigida: dispara un proyectil perforante hacia donde APUNTAS (ratón, o stick derecho en mando), no hacia el enemigo más cercano. Una mira indica la dirección. Recompensa la puntería — un arma de habilidad entre el apuntado automático. Los niveles altos añaden proyectiles en abanico cerrado."
WPN_VECTOR_BEAM_NAME,Vector Beam,Rayon Vecteur,Rayo Vectorial
WPN_VECTOR_BEAM_DESC,"Fusion of the Vector Lance + Servo Motors. The aimed bolt becomes a continuous piercing BEAM pointed where you aim (mouse / right stick) — no cooldown, it sweeps and cuts through the whole line of enemies. Aim skill taken to its peak: paint the screen with the beam.","Fusion de la Lance Vectorielle + Servo-Moteurs. Le trait dirigé devient un RAYON perforant continu pointé là où tu vises (souris / stick droit) — plus de cooldown, il balaie et traverse toute la ligne d'ennemis. Le skill de visée à son paroxysme : peins l'écran avec le rayon.","Fusión de la Lanza Vectorial + Servomotores. El proyectil dirigido se convierte en un RAYO perforante continuo apuntado hacia donde miras (ratón / stick derecho) — sin enfriamiento, barre y atraviesa toda la línea de enemigos. La puntería llevada al límite: pinta la pantalla con el rayo."
WPN_FROST_VEIL_NAME,Frost Veil,Voile de Givre,Velo de Escarcha
WPN_FROST_VEIL_DESC,"Fusion of the Cryo Lance + Reinforced Plating. The piercing ice beam becomes a continuous FROST VEIL around you: every tick it damages and heavily slows every enemy in range, reapplied endlessly, so the swarm stays crawling at your doorstep. Your best armor is the cold — stand your ground and freeze everything that closes in.","Fusion de la Lance Cryo + Plaque Renforcée. Le rayon glacé devient un VOILE de givre continu autour de toi : à chaque tick, il blesse et ralentit fortement tout ennemi à portée, réappliqué sans relâche, et la nuée reste engluée au ralenti à tes pieds. Ta meilleure armure, c'est le froid — tiens ta position et gèle tout ce qui approche.","Fusión de la Lanza Cryo + Placa Reforzada. El rayo helado se convierte en un VELO de escarcha continuo a tu alrededor: cada tick daña y ralentiza mucho a todo enemigo a su alcance, reaplicado sin cesar, y el enjambre queda arrastrándose a tus pies. Tu mejor armadura es el frío: mantén tu posición y congela todo lo que se acerque."
WPN_SINGULARITY_NAME,Singularity,Singularité,Singularidad
WPN_SINGULARITY_DESC,"Deploys a gravity well that pulls nearby enemies toward its center and damages them in pulses. Powerful zone control on a long cooldown — group the swarm, then unleash your other weapons.","Déploie un puits gravitationnel qui aspire les ennemis proches vers son centre et les blesse par à-coups. Puissant contrôle de zone à long cooldown — regroupe la nuée, puis déchaîne tes autres armes.",Despliega un pozo gravitatorio que atrae a los enemigos cercanos hacia su centro y los daña por pulsos. Potente control de zona con enfriamiento largo: agrupa al enjambre y luego desata tus otras armas.
POWERUP_OVERCLOCK,Overclock,Surcadence,Overclock
POWERUP_BERSERK,Berserk,Furie,Furia
POWERUP_AEGIS,Aegis,Égide,Égida
POWERUP_CELERITY,Celerity,Célérité,Celeridad
LEVELSEL_LOCKED,LOCKED,VERROUILLÉ,BLOQUEADO
OVERTIME,⚠ OVERTIME ⚠,⚠ OVERTIME ⚠,⚠ TIEMPO EXTRA ⚠
LEVEL_COMPLETE,LEVEL COMPLETE!,NIVEAU TERMINÉ !,¡NIVEL COMPLETADO!
RUNEND_LEVEL_DONE,LEVEL COMPLETE,NIVEAU TERMINÉ,NIVEL COMPLETADO
RUNEND_SURVIVED,Survived,Survie,Supervivencia
RUNEND_BEST,Best,Record,Récord
RUNEND_NEW_RECORD,NEW RECORD!,NOUVEAU RECORD !,¡NUEVO RÉCORD!
ARSENAL_LOCKED,Undiscovered,Non découverte,No descubierta
ARSENAL_LOCKED_DESC,Weapon not yet discovered. Find and equip it in a run (via a level-up card) to reveal it here.,Arme non découverte. Trouve-la et équipe-la en partie (carte de montée de niveau) pour la révéler ici.,Arma no descubierta. Encuéntrala y equípala en una partida (carta de subida de nivel) para revelarla aquí.
OPTIONS_RESET,Reset everything,Tout réinitialiser,Reiniciar todo
OPTIONS_RESET_CONFIRM,⚠ Confirm? (irreversible — deletes Echoes & progress),⚠ Confirmer ? (irréversible — efface Échos & progression),⚠ ¿Confirmar? (irreversible — borra Ecos y progreso)
OPTIONS_RESET_DONE,✓ Reset done,✓ Réinitialisé,✓ Reiniciado
INTRO_TITLE,CHIMERA PROTOCOL,CHIMERA PROTOCOL,CHIMERA PROTOCOL
INTRO_TAGLINE,Don't kill the monsters. Become them.,Ne tue pas les monstres. Deviens-les.,No mates a los monstruos. Conviértete en ellos.
WPN_IONIC_STORM_NAME,Ionic Storm,Tempête Ionique,Tormenta Iónica
WPN_IONIC_STORM_DESC,"Evolution of the Tesla Coil + Capacitor: the arc never stops, a string of lightning strikes and bounces continuously across a long chain of enemies.","Évolution de la Bobine Tesla + Capaciteur : l'arc ne s'arrête plus, un chapelet d'éclairs frappe et rebondit en continu sur une longue chaîne d'ennemis.","Evolución de la Bobina Tesla + Capacitor: el arco no se detiene, una ristra de rayos golpea y rebota sin cesar sobre una larga cadena de enemigos."
WPN_SOLAR_COLUMN_NAME,Solar Column,Colonne Solaire,Columna Solar
WPN_SOLAR_COLUMN_DESC,"Evolution of the Pyre Stream + Thermal Core: the directed jet becomes a solar flare, dealing damage and massive burn to every nearby enemy inside a crown of flames.","Évolution du Jet de Pyre + Noyau Thermique : le jet dirigé devient une éruption solaire, dégâts et brûlure massive à tous les ennemis autour, dans une couronne de flammes.","Evolución del Chorro de Pira + Núcleo Térmico: el chorro dirigido se vuelve una erupción solar, con daño y quemadura masiva a todos los enemigos cercanos, en una corona de llamas."
WPN_HORNET_SWARM_NAME,Hornet Swarm,Nuée de Frelons,Enjambre de Avispones
WPN_HORNET_SWARM_DESC,"Evolution of the Seeker Swarm + Servo-Motors: the swarm floods the screen, 7 homing missiles per volley, faster and fiercer, retargeting relentlessly.","Évolution de l'Essaim Traqueur + Servo-Moteurs : l'essaim sature l'écran, 7 missiles chercheurs par salve, plus rapides et plus mordants, qui re-ciblent sans relâche.","Evolución del Enjambre Rastreador + Servomotores: el enjambre satura la pantalla, 7 misiles teledirigidos por andanada, más rápidos y feroces, que reapuntan sin descanso."
UPDATE_AVAILABLE,New version {0} available!,Nouvelle version {0} disponible !,¡Nueva versión {0} disponible!
UPDATE_DOWNLOAD,Get it on itch.io,Récupérer sur itch.io,Conseguir en itch.io
UPGRADE_GRAFT_SLOTS_NAME,Assimilation Matrix,Matrice d'Assimilation,Matriz de Asimilación
UPGRADE_GRAFT_SLOTS_DESC,"Your core can bear one more graft. +1 Assimilation slot per level (base 3, up to 5).","Ton noyau supporte une greffe de plus. +1 emplacement d'Assimilation par niveau (base 3, jusqu'à 5).","Tu núcleo soporta un injerto más. +1 espacio de Asimilación por nivel (base 3, hasta 5)."
UPGRADE_GRAFT_METABOLISM_NAME,Voracious Metabolism,Métabolisme Vorace,Metabolismo Voraz
UPGRADE_GRAFT_METABOLISM_DESC,"Your core purges corrupted biomass faster: -10% Assimilation gauge threshold per level (max -30%).","Ton noyau purge la biomasse corrompue plus vite : -10% de seuil de jauge d'Assimilation par niveau (max -30%).","Tu núcleo purga la biomasa corrupta más rápido: -10% de umbral de la jauge de Asimilación por nivel (máx. -30%)."
ASSIM_TITLE,ASSIMILATION,ASSIMILATION,ASIMILACIÓN
ASSIM_REPLACE_TITLE,ONE GRAFT MUST GIVE WAY,UNE GREFFE DOIT CÉDER SA PLACE,UN INJERTO DEBE CEDER SU LUGAR
ASSIM_ASSIMILATE,ASSIMILATE,ASSIMILER,ASIMILAR
ASSIM_REJECT,REJECT,REJETER,RECHAZAR
ASSIM_KEEP,KEEP,CONSERVER,CONSERVAR
ASSIM_REPLACE_WITH,Replace: {0},Remplacer : {0},Reemplazar: {0}
ASSIM_FUSION_TITLE,FUSION,FUSION,FUSIÓN
ASSIM_FUSION_TAG,FUSION,FUSION,FUSIÓN
CHIMERA_CODEX_TITLE,CHIMERA — ASSIMILATION,CHIMÈRE — ASSIMILATION,QUIMERA — ASIMILACIÓN
CHIMERA_CODEX_INTRO,"Don't just kill the Rust's creatures: become them. Each enemy archetype fills an assimilation gauge; once full, you can graft part of the creature onto your body. Grafts fill limited, replaceable slots. Two compatible grafts can fuse into a superior form that frees up a slot.","Ne te contente pas de tuer les créatures de la Rouille : deviens-les. Chaque archétype d'ennemi remplit une jauge d'assimilation ; une fois pleine, tu peux greffer une partie de la créature à ton corps. Les greffes occupent des emplacements limités (remplaçables). Deux greffes compatibles peuvent fusionner en une forme supérieure qui libère un emplacement.","No te limites a matar a las criaturas de la Herrumbre: conviértete en ellas. Cada arquetipo de enemigo llena un medidor de asimilación; una vez lleno, puedes injertar parte de la criatura en tu cuerpo. Los injertos ocupan espacios limitados y reemplazables. Dos injertos compatibles pueden fusionarse en una forma superior que libera un espacio."
ASSIM_FUSE,ASSIMILATE FUSION,ASSIMILER LA FUSION,ASIMILAR FUSIÓN
ASSIM_REFUSE,REFUSE,REFUSER,RECHAZAR
GRAFT_SWARM_SYMBIOTE_NAME,Symbiotic Swarm,Nuée Symbiotique,Enjambre Simbiótico
GRAFT_SWARM_SYMBIOTE_DESC,"4 mini-swarms of living rust orbit you, biting anything that nears and stealing HP on contact.","4 mini-essaims de rouille vivante t'entourent, mordant ce qui approche et volant des PV au contact.","4 mini-enjambres de herrumbre viva te rodean, mordiendo lo que se acerca y robando PV al contacto."
GRAFT_ERRATIC_SERVOS_NAME,Erratic Servos,Servos Erratiques,Servos Erráticos
GRAFT_ERRATIC_SERVOS_DESC,"Drone reflexes grafted to your legs: a brief invulnerable dodge dash, on cooldown.","Les réflexes du drone greffés à tes jambes : une ruade d'esquive brève et invulnérable, à recharge.","Los reflejos del dron injertados en tus piernas: una embestida de esquiva breve e invulnerable, con recarga."
GRAFT_AIMING_EYE_NAME,Aiming Eye,Œil de Visée,Ojo de Puntería
GRAFT_AIMING_EYE_DESC,A sentinel's eye grafted into your skull fires on its own at the nearest enemy.,Un œil de sentinelle greffé dans ton crâne tire seul sur l'ennemi le plus proche.,Un ojo de centinela injertado en tu cráneo dispara solo al enemigo más cercano.
GRAFT_GRAFTED_CARAPACE_NAME,Grafted Carapace,Carapace Greffée,Caparazón Injertado
GRAFT_GRAFTED_CARAPACE_DESC,"Colossus plating fused to your skin: heavy armor and contact retaliation — but you grow slow.","La plaque du Colosse fusionnée à ta peau : armure lourde et représailles au contact — mais tu deviens lent.","La placa del Coloso fusionada a tu piel: armadura pesada y represalia al contacto, pero te vuelves lento."
GRAFT_STALKER_WAVE_NAME,Stalker Wave,Onde du Rôdeur,Onda del Acechador
GRAFT_STALKER_WAVE_DESC,"The Stalker's hunting pulse, now yours: a periodic shockwave that sweeps and pushes back the swarm.","L'onde de chasse du Rôdeur, désormais tienne : une onde de choc périodique qui balaie et repousse la nuée.","El pulso de caza del Acechador, ahora tuyo: una onda de choque periódica que barre y repele al enjambre."
GRAFT_FUSION_CHARGE_BLINDEE_NAME,Armored Charge,Charge Blindée,Carga Blindada
GRAFT_FUSION_CHARGE_BLINDEE_DESC,"Your dash becomes an armored charge: barrel through, tank the hits, knock enemies aside. The tank moves again.","Ton dash devient une charge blindée : traverse, encaisse et projette. Le tank qui bouge à nouveau.","Tu embestida se vuelve una carga blindada: atraviesa, aguanta y proyecta. El tanque que vuelve a moverse."
GRAFT_FUSION_RUCHE_TOURELLES_NAME,Turret Hive,Ruche de Tourelles,Colmena de Torretas
GRAFT_FUSION_RUCHE_TOURELLES_DESC,"Your 4 swarms freeze into turrets firing in 360°. Still steals HP — now from range.","Tes 4 essaims se figent en tourelles qui tirent à 360°. Vole encore des PV, mais à distance.","Tus 4 enjambres se congelan en torretas que disparan a 360°. Aún roba PV, pero a distancia."
GRAFT_FUSION_NOVA_RODEUR_NAME,Nova Strike,Frappe Nova,Golpe Nova
GRAFT_FUSION_NOVA_RODEUR_DESC,"Your dash becomes an offensive blink: teleport in and detonate a nova on arrival. The passive wave becomes a burst you aim.","Ta ruade devient une téléportation offensive : tu blinkes et détones une nova à l'arrivée. L'onde passive devient un burst que tu vises.","Tu embestida se vuelve un parpadeo ofensivo: te teletransportas y detonas una nova al llegar. La onda pasiva se vuelve una ráfaga que apuntas."
BIOME_AFFINITY_SANCTUAIRE,Stable affinity — +12% graft damage,Affinité Stable — +12% de dégâts de greffe,Afinidad Estable — +12% de daño de injerto
BIOME_AFFINITY_AETHER,Resonant affinity — +20% graft range,Affinité Résonante — +20% de portée de greffe,Afinidad Resonante — +20% de alcance de injerto
BIOME_AFFINITY_FOURNAISE,Ardent affinity — grafts set enemies ablaze,Affinité Ardente — les greffes enflamment,Afinidad Ardiente — los injertos incendian
BIOME_AFFINITY_GIVRE,Glacial affinity — grafts slow enemies,Affinité Glaciale — les greffes ralentissent,Afinidad Glacial — los injertos ralentizan
BIOME_AFFINITY_NEON,Overcharged affinity — −18% graft cooldown,Affinité Surchargée — −18% de cooldown de greffe,Afinidad Sobrecargada — −18% de enfriamiento de injerto
CHAL_UNLOCKED_BANNER,Challenge complete,Défi accompli,Desafío completado
CHAL_AND_MORE,+{0} more,+{0} autres,+{0} más
CHAL_FIRST_BLOOD_NAME,First Blood,Premier Sang,Primera Sangre
CHAL_FIRST_BLOOD_DESC,Kill 100 enemies in a single run,Tue 100 ennemis en une seule run,Mata 100 enemigos en una sola partida
CHAL_SURVIVOR_5_NAME,Field Tested,Éprouvé au combat,Probado en combate
CHAL_SURVIVOR_5_DESC,Survive 5 minutes in a single run,Survis 5 minutes en une seule run,Sobrevive 5 minutos en una sola partida
CHAL_SURVIVOR_13_NAME,The Long Watch,La Longue Veille,La Larga Vigilia
CHAL_SURVIVOR_13_DESC,Survive 13 minutes in a single run,Survis 13 minutes en une seule run,Sobrevive 13 minutos en una sola partida
CHAL_CORE_HARVEST_NAME,Core Harvester,Moissonneur de Noyaux,Cosechador de Núcleos
CHAL_CORE_HARVEST_DESC,Collect 15 Aether Cores in a single run,Collecte 15 Noyaux d'Aether en une seule run,Recolecta 15 Núcleos de Éter en una sola partida
CHAL_FIRST_GRAFT_NAME,First Mutation,Première Mutation,Primera Mutación
CHAL_FIRST_GRAFT_DESC,Assimilate a graft in a run,Assimile une greffe en une run,Asimila un injerto en una partida
CHAL_FULL_CHIMERA_NAME,Full Chimera,Pleine Chimère,Quimera Completa
CHAL_FULL_CHIMERA_DESC,Equip 3 grafts at once in a single run,Équipe 3 greffes à la fois en une seule run,Equipa 3 injertos a la vez en una sola partida
CHAL_FORGE_FUSION_NAME,Fusion Forged,Fusion Forgée,Fusión Forjada
CHAL_FORGE_FUSION_DESC,Forge a graft fusion in a run,Forge une fusion de greffes en une run,Forja una fusión de injertos en una partida
CHAL_FIRST_CLEAR_NAME,Sector Cleared,Secteur Nettoyé,Sector Despejado
CHAL_FIRST_CLEAR_DESC,Defeat a level boss,Bats un boss de fin de niveau,Derrota a un jefe de nivel
CHAL_CLEAR_NEON_NAME,Neon Conqueror,Conquérant Néon,Conquistador Neón
CHAL_CLEAR_NEON_DESC,Clear the Neon Sector,Termine le Secteur Néon,Completa el Sector Neón
CHAL_CLEAR_HARD_NAME,No Mercy,Sans Pitié,Sin Piedad
CHAL_CLEAR_HARD_DESC,Clear a level on Hard difficulty,Termine un niveau en difficulté Difficile,Completa un nivel en dificultad Difícil
CHAL_ALL_BIOMES_NAME,World Eater,Dévoreur de Mondes,Devorador de Mundos
CHAL_ALL_BIOMES_DESC,Complete all 5 biomes,Termine les 5 biomes,Completa los 5 biomas
CHAL_VETERAN_NAME,Veteran,Vétéran,Veterano
CHAL_VETERAN_DESC,Play 25 runs,Joue 25 runs,Juega 25 partidas
CHAL_EXTERMINATOR_NAME,Exterminator,Exterminateur,Exterminador
CHAL_EXTERMINATOR_DESC,Kill 10000 enemies total,Tue 10000 ennemis au total,Mata 10000 enemigos en total
MENU_CHALLENGES,Challenges,Défis,Desafíos
CHALLENGES_TITLE,CHALLENGES,DÉFIS,DESAFÍOS
CHALLENGES_INTRO,Complete objectives in-game to earn Echoes and unlock starting perks and titles. Each challenge is validated at the end of a run.,Accomplis des objectifs en jeu pour gagner des Échos et débloquer des perks de départ et des titres. Chaque défi se valide en fin de run.,Completa objetivos en el juego para ganar Ecos y desbloquear ventajas iniciales y títulos. Cada desafío se valida al final de una partida.
CHALLENGES_PROGRESS,Completed: {0} / {1},Accomplis : {0} / {1},Completados: {0} / {1}
CHAL_STATUS_DONE,✓ Completed,✓ Accompli,✓ Completado
CHAL_STATUS_TODO,To do,À accomplir,Por hacer
CHAL_REWARD_ECHOES,Reward: +{0} Echoes,Récompense : +{0} Échos,Recompensa: +{0} Ecos
CHAL_REWARD_PERK,Reward: starting perk,Récompense : perk de départ,Recompensa: ventaja inicial
CHAL_REWARD_COSMETIC,Reward: title,Récompense : titre,Recompensa: título
HUB_PERKS,Starting perk,Perk de départ,Ventaja inicial
HUB_PERK_NONE,None,Aucun,Ninguna
PERK_GRAFT_SWARM_NAME,Symbiotic Start,Départ Symbiotique,Inicio Simbiótico
PERK_GRAFT_SWARM_DESC,Start each run with the Symbiotic Swarm graft equipped.,Commence chaque run avec la greffe Nuée Symbiotique équipée.,Comienza cada partida con el injerto Enjambre Simbiótico equipado.
PERK_WEAPON_GLAIVE_NAME,Glaive Loadout,Panoplie Glaive,Equipo de Guja
PERK_WEAPON_GLAIVE_DESC,Start each run with the Glaive as a second weapon.,Commence chaque run avec le Glaive en seconde arme.,Comienza cada partida con la Guja como segunda arma.
PERK_EXTRA_SLOT_NAME,Extra Graft Slot,Emplacement Bonus,Espacio Extra
PERK_EXTRA_SLOT_DESC,Start each run with +1 graft slot.,Commence chaque run avec +1 emplacement de greffe.,Comienza cada partida con +1 espacio de injerto.
